심사진행상태,출원일자,발명의명칭,출원인,,,,,,,,,,,,,,,,,
거절결정(일반),1997.12.15,"자동차 주행거리별 점검항목 표시장치 및 그 제어방법(APPARATUS FOR DISPLAYING CHECKING ITEMS ACCORDING TO TRAVELING DISTANCE OF A VEHICLE AND A METHOD OF CONTROLLING THE SAME, ESPECIALLY BY DISPLAYING TOTAL TRAVELING DISTANCE OF THE VEHICLE AND OUTPUTTING TOTAL TRAVELING DISTANCE DATA THROUGH A TRAVELING DISTANCE MEASURING PART)",에스케이하이닉스 주식회사(경기도 이천시...),,,,,,,,,,,,,,,,,
등록결정(일반),1998.04.22,액정표시소자의 색상조정회로(HUE CONTROL CIRCUIT OF LIQUID CRYSTAL DISPLAY),에스케이하이닉스 주식회사(경기도 이천시...),,,,,,,,,,,,,,,,,
등록결정(일반),1997.12.08,액정 표시 소자(LIQUID CRYSTAL DISPLAY DEVICE),에스케이하이닉스 주식회사(경기도 이천시...),,,,,,,,,,,,,,,,,
등록결정(일반),2013.12.24,오프셋 전압을 제거하는 디스플레이 구동 장치(Display driving device removing offset voltage),에스케이하이닉스 주식회사(경기도 이천시...)|한양대학교 산학협력단(서울특별시 성동구...),,,,,,,,,,,,,,,,,
등록결정(일반),1998.08.24,고개구율 및 고투과율을 갖는 액정표시장치 및 그 제조방법(LIQUID CRYSTAL DISPLAY HAVING HIGH OPENING RATE AND TRANSMITTING RATE AND FABRICATING METHOD OF THE SAME),에스케이하이닉스 주식회사(경기도 이천시...),,,,,,,,,,,,,,,,,
등록결정(일반),1996.05.22,플라즈마 디스플레이 패널 및 그의 제조방법(Plasma display panel and manufacturing method thereof),에스케이하이닉스 주식회사(경기도 이천시...),,,,,,,,,,,,,,,,,
등록결정(일반),1996.11.29,액정 표시 소자 및 그 제조방법(LIQUID CRYSTAL DISPLAY ELEMENT AND ITS MANUFACTURING METHOD),에스케이하이닉스 주식회사(경기도 이천시...),,,,,,,,,,,,,,,,,
등록결정(일반),1997.06.25,액정표시소자(LIQUID CRYSTAL DISPLAY),에스케이하이닉스 주식회사(경기도 이천시...),,,,,,,,,,,,,,,,,
등록결정(일반),1998.05.29,액정표시장치(LIQUID CRYSTAL DISPLAY),에스케이하이닉스 주식회사(경기도 이천시...),,,,,,,,,,,,,,,,,
등록결정(일반),2001.01.06,액정 표시 장치의 구동 회로(Driving circuit of Liquid Crystal Display),에스케이하이닉스 주식회사(경기도 이천시...),,,,,,,,,,,,,,,,,
등록결정(일반),1997.06.30,액정 표시 소자(LIQUID CRYSTAL DISPLAY DEVICE),에스케이하이닉스 주식회사(경기도 이천시...),,,,,,,,,,,,,,,,,
등록결정(일반),1999.06.29,반사형 액정 표시 장치(REFLECTIVE LIQUID CRYSTAL DISPLAY DEVICE),에스케이하이닉스 주식회사(경기도 이천시...),,,,,,,,,,,,,,,,,
등록결정(일반),1996.11.29,액정 표시 소자 및 그 제조방법(LIQUID CRYSTAL DISPLAY ELEMENT AND ITS MANUFACTURING METHOD),에스케이하이닉스 주식회사(경기도 이천시...),,,,,,,,,,,,,,,,,
등록결정(일반),1997.12.17,색띰방지용액정표시장치(LIQUID CRYSTAL DISPLAY FOR PREVENTING COLOR SHIFT),에스케이하이닉스 주식회사(경기도 이천시...),,,,,,,,,,,,,,,,,
등록결정(일반),1997.04.18,액정 표시 장치(LCD DISPLAY APPARATUS),에스케이하이닉스 주식회사(경기도 이천시...),,,,,,,,,,,,,,,,,
등록결정(일반),1998.05.29,다중 도메인을 갖는 수직 배향 모드의 액정 표시 장치(LIQUID CRYSTAL DISPLAY WITH VERTICAL ALIGNMENT MODE HAVING MULTIPLE DOMAINS),에스케이하이닉스 주식회사(경기도 이천시...),,,,,,,,,,,,,,,,,
등록결정(일반),1995.05.17,엘씨디전원순차제어장치(THE POWER SUPPLY SEQUENCE CONTROL SYSTEM OF LIQUID CRYSTAL DISPLAY DEVICE),에스케이하이닉스 주식회사(경기도 이천시...),,,,,,,,,,,,,,,,,
등록결정(일반),1997.12.24,플라즈마디스플레이패널및그의형성방법(PLASMA DISPLAY PANEL AND MANUFACTURING METHOD THEREOF),에스케이하이닉스 주식회사(경기도 이천시...),,,,,,,,,,,,,,,,,
등록결정(일반),1996.05.22,플라즈마 디스플레이 패널 및 그의 제조방법(Plasma display panel and manufacturing method thereof),에스케이하이닉스 주식회사(경기도 이천시...),,,,,,,,,,,,,,,,,
등록결정(일반),1997.06.25,플라즈마디스플레이패널(PLASMA DISPLAY PANEL),에스케이하이닉스 주식회사(경기도 이천시...),,,,,,,,,,,,,,,,,
등록결정(일반),1997.08.30,플라즈마 디스플레이 패널 및 그의 제조방법(PLASMA DISPLAY PANEL AND MANUFACTURING METHOD THEREOF),에스케이하이닉스 주식회사(경기도 이천시...),,,,,,,,,,,,,,,,,
등록결정(일반),1998.12.17,수직 배향 모드 액정 표시 장치(VERTICAL ALIGNMENT MODE LIQUID CRYSTAL DISPLAY DEVICE),에스케이하이닉스 주식회사(경기도 이천시...),,,,,,,,,,,,,,,,,
취하(심사미청구),1997.12.26,직류형 플라즈마 디스플레이 패널의 화상 개선구조(STRUCTURE FOR IMPROVING AN IMAGE OF A DIRECT CURRENT-TYPE PLASMA DISPLAY PANEL BY VERTICALLY POSITIONING A MAIN DISCHARGING CELL AND AN AUXILIARY DISCHARGING CELL),에스케이하이닉스 주식회사(경기도 이천시...),,,,,,,,,,,,,,,,,
등록결정(일반),1998.12.29,액정 표시 장치(LIQUID CRYSTAL DISPLAY DEVICE),에스케이하이닉스 주식회사(경기도 이천시...),,,,,,,,,,,,,,,,,
등록결정(일반),1997.08.19,디지타이징 패널을 디스플레이 장치와 정렬시키기 위한 방법및 장치(METHOD AND APPARATUS FOR ALIGNING A DIGITIZING PANEL WITH A DISPLAY DEVICE),에스케이하이닉스 주식회사(경기도 이천시...)|하이닉스 세미컨덕터 아메리카 인코포레이티드(미국 캘리포니아 ***** 산호세 노쓰 퍼스트 스트리트 ****),,,,,,,,,,,,,,,,,
등록결정(일반),2002.07.24,패널의 문턱 전압을 보상하는 평판 디스플레이 패널 장치(FLAT PANEL DISPLAY DEVICE FOR COMPENSATING THRESHOLDVOLTAGE OF PANEL),에스케이하이닉스 주식회사(경기도 이천시...),,,,,,,,,,,,,,,,,
등록결정(일반),1998.05.29,아이피에스모드의액정표시장치(IPS MODE LIQUID CRYSTAL DISPLAY DEVICE),에스케이하이닉스 주식회사(경기도 이천시...),,,,,,,,,,,,,,,,,
등록결정(심사전치후),1997.06.27,액정표시소자(LIQUID CRYSTAL DISPLAY DEVICE),에스케이하이닉스 주식회사(경기도 이천시...),,,,,,,,,,,,,,,,,
등록결정(일반),1996.10.16,액정 표시 소자 및 그 제조방법(LIQUID CRYSTAL DISPLAY ELEMENT AND ITS MANUFACTURING METHOD),에스케이하이닉스 주식회사(경기도 이천시...),,,,,,,,,,,,,,,,,
등록결정(일반),1998.05.29,다중도메인을갖는아이피에스-브이에이모드액정표시장치(IPS-VA MODE LIQUID CRYSTAL DISPLAY HAVING MULTI DOMAIN),에스케이하이닉스 주식회사(경기도 이천시...),,,,,,,,,,,,,,,,,
등록결정(일반),1998.05.29,액정 표시 장치 및 그 제조 방법(LIQUID CRYSTAL DISPLAY AND METHOD FOR FABRICATING THE SAME),에스케이하이닉스 주식회사(경기도 이천시...),,,,,,,,,,,,,,,,,
등록결정(일반),1993.05.07,액정표시소자제조방법(MAKING METHOD OF LIQUID CRYSTAL DISPLAY ELEMENT),에스케이하이닉스 주식회사(경기도 이천시...),,,,,,,,,,,,,,,,,
설정등록의뢰,2001.05.17,차광 수단용 블랙 실크층이 구비된 액정표시장치(LIQUID CRYSTAL DISPLAY HAVING BLACK SILK LAYER FORLIGHT SHIELDING MEANS),에스케이하이닉스 주식회사(경기도 이천시...),,,,,,,,,,,,,,,,,
설정등록의뢰,2001.03.02,액정표시장치용 패널(Panel for liquid crystal display device),에스케이하이닉스 주식회사(경기도 이천시...),,,,,,,,,,,,,,,,,
등록결정(일반),1999.06.30,플라즈마 디스플레이 패널용 접속선 로딩장치(APPARATUS FOR LOADING A FLEXIBLE PRINTED CIRCUIT TO BE BONDED TO A PLASMA DISPLAY PANEL),에스케이하이닉스 주식회사(경기도 이천시...),,,,,,,,,,,,,,,,,
등록결정(일반),1999.06.30,패널의 자동회전이 가능한 플라즈마 디스플레이 패널용 접속선 본딩장치(APPARATUS FOR BONDING FLEXIBLE PRINTED CIRCUIT TO PLASMA DISPLAY PANEL CAPABLE OF AUTOMATICALLY ROTATING THE PANEL),에스케이하이닉스 주식회사(경기도 이천시...),,,,,,,,,,,,,,,,,
등록결정(일반),1999.06.30,플라즈마 디스플레이 패널용 접속선 본딩장치(APPARATUS FOR BONDING A FLEXIBLE PRINTED CIRCUIT TO PLASMA DISPLAY PANEL),에스케이하이닉스 주식회사(경기도 이천시...),,,,,,,,,,,,,,,,,
등록결정(일반),2000.12.14,평판표시소자의 소오스 드라이버(SOURCE DRIVER IN FLAT PANEL DISPLAY DEVICE),에스케이하이닉스 주식회사(경기도 이천시...),,,,,,,,,,,,,,,,,
거절결정(일반),2011.01.25,디스플레이 장치 및 그 제어 방법(DISPLAY DEVICE AND CONTROL METHOD THEREOF),에스케이하이닉스 주식회사(경기도 이천시...),,,,,,,,,,,,,,,,,
등록결정(일반),1996.10.17,차량 주행시 이상상태 자동표시 및 음성경보장치(ABNORMAL CONDITION AUTOMATIC DISPLAY AND VOICE WARNING DEVICE AS CAR DRIVING),에스케이하이닉스 주식회사(경기도 이천시...),,,,,,,,,,,,,,,,,
등록결정(일반),1995.12.18,컴팩트디스크시스템에서의디스크위치표시장치(DISK POSITION DISPLAY DEVICE IN THE COMPACT DISK SYSTEM),에스케이하이닉스 주식회사(경기도 이천시...),,,,,,,,,,,,,,,,,
등록결정(일반),1994.06.30,액정디스플레이의핀결합구조(PIN COMBINATION STRUCTURE OF LIQUID CRYSTAL DISPLAY),에스케이하이닉스 주식회사(경기도 이천시...),,,,,,,,,,,,,,,,,
등록결정(일반),2000.12.30,액정표시소자(Liquid Crystal Display),에스케이하이닉스 주식회사(경기도 이천시...),,,,,,,,,,,,,,,,,
취하(심사미청구),2000.11.22,액정 표시소자 및 그 제조 방법(Liquid crystal display device and method ofmanufacturing the same),에스케이하이닉스 주식회사(경기도 이천시...),,,,,,,,,,,,,,,,,
등록결정(일반),1999.12.30,디스플레이 장치의 수평 동기 신호의 극성 검출 회로(Circuit for detecting polarity of horizontalsynchronous signal for display),에스케이하이닉스 주식회사(경기도 이천시...),,,,,,,,,,,,,,,,,
등록결정(일반),1999.12.28,엘씨디 구동 회로(DRIVING CIRCUIT FOR LIQUID CRYSTAL DISPLAY),에스케이하이닉스 주식회사(경기도 이천시...),,,,,,,,,,,,,,,,,
등록결정(일반),1999.12.28,디스플레이 장치의 데이터 처리 방법(DATA PROCESSING METHOD FOR DISPLAY APPARATUS),에스케이하이닉스 주식회사(경기도 이천시...),,,,,,,,,,,,,,,,,
등록결정(일반),1999.12.27,평판 표시 장치의 구조 및 제조방법(STRUCTURE AND MANUFACTURING METHOD FOR DISPLAY PANELAPPARATUS),에스케이하이닉스 주식회사(경기도 이천시...),,,,,,,,,,,,,,,,,
등록결정(일반),1999.09.10,면방전형 플라즈마 디스플레이 패널 구동 방법(Driving method of plasma display panel in surfacedischarge type),에스케이하이닉스 주식회사(경기도 이천시...),,,,,,,,,,,,,,,,,
등록결정(일반),1999.08.20,빗을 이용한 플라즈마 디스플레이 패널의 격벽 형성 방법(METHOD FOR FORMING BARRIER RIB OF PLASMA DISPLAY PANEL BYUSING COMB),에스케이하이닉스 주식회사(경기도 이천시...),,,,,,,,,,,,,,,,,
등록결정(일반),1999.06.30,플라즈마 디스플레이 패널(Plasma Display Panel),에스케이하이닉스 주식회사(경기도 이천시...),,,,,,,,,,,,,,,,,
거절결정(일반),1999.06.28,플라즈마 디스플레이 패널의 격벽 및 그 형성 방법(BARRIER RIB OF PLASMA DISPLAY PANEL AND METHOD FOR FORMINGTHE SAME),에스케이하이닉스 주식회사(경기도 이천시...),,,,,,,,,,,,,,,,,
등록결정(일반),1999.06.30,양면 플라즈마 디스플레이 장치(PLASMA DISPLAY DEVICE HAVING TWO DISPLAY SIDES),에스케이하이닉스 주식회사(경기도 이천시...),,,,,,,,,,,,,,,,,
등록결정(일반),1999.06.30,플라즈마디스플레이 패널의 제조방법(Method for forming of Plasma Display Panel),에스케이하이닉스 주식회사(경기도 이천시...),,,,,,,,,,,,,,,,,
등록결정(일반),1999.06.28,전기 도금법을 이용한 플라즈마 디스플레이 패널의 전극 및 격벽의 동시 형성 방법(METHOD FOR SIMULTANEOUS FORMING ELECTRODE AND BARRIER RIBOF PLASMA DISPLAY PANEL BY ELECTROPLATING),에스케이하이닉스 주식회사(경기도 이천시...),,,,,,,,,,,,,,,,,
거절결정(일반),1999.06.28,액정 필터를 구비하는 디스플레이 소자(DISPLAY DEVICE HAVING LIQUID CRYSTAL FILTER),에스케이하이닉스 주식회사(경기도 이천시...),,,,,,,,,,,,,,,,,
등록결정(일반),1999.06.28,플라즈마 디스플레이 패널(PLASMA DISPLAY PANEL),에스케이하이닉스 주식회사(경기도 이천시...),,,,,,,,,,,,,,,,,
거절결정(일반),1999.06.28,플라즈마디스플레이패널의 패턴 형성방법(Method for forming of pattern of plasma display panel),에스케이하이닉스 주식회사(경기도 이천시...),,,,,,,,,,,,,,,,,
등록결정(일반),1999.06.28,플라즈마 디스플레이 패널 구동방법(Driving method of plasma display panel),에스케이하이닉스 주식회사(경기도 이천시...),,,,,,,,,,,,,,,,,
등록결정(일반),1999.06.28,공동 음극 효과를 이용하는 플라즈마 디스플레이 패널 및 그제조 방법(PLASMA DISPLAY PANEL USING HOLLOW CATHODE EFFECT AND METHOD FOR FORMING THE SAME),에스케이하이닉스 주식회사(경기도 이천시...),,,,,,,,,,,,,,,,,
등록결정(일반),1999.06.28,양광주 영역을 이용할 수 있는 플라즈마 디스플레이 패널(PLASMA DISPLAY PANEL CAPABLE OF USING POSITIVE COLUMN),에스케이하이닉스 주식회사(경기도 이천시...),,,,,,,,,,,,,,,,,
거절결정(일반),1999.06.28,콜레스테릭 액정 필터를 구비하는 플라즈마 디스플레이 패널(PLASMA DISPLAY PANEL HAVING CLC),에스케이하이닉스 주식회사(경기도 이천시...),,,,,,,,,,,,,,,,,
거절결정(일반),1999.06.28,역 버스전극 구조를 갖는 플라즈마 디스플레이 패널 및 그 제조 방법(PLASMA DISPLAY PANEL HAVING INVERTED BUS ELECTRODE STRUCTURE AND METHOD FOR FABRICATING THE SAME),에스케이하이닉스 주식회사(경기도 이천시...),,,,,,,,,,,,,,,,,
등록결정(일반),1999.06.30,방전부와 버스전극 접촉부가 나뉘는 투명 방전 유지전극을 구비하는 플라즈마 디스플레이 패널(PLASMA DISPLAY PANEL HAVING TRANSPARENT DISCHARGESUSTAIN ELECTRODE DIVIDED INTO DISCHARGE AND BUS LECTRODECONTACT PART),에스케이하이닉스 주식회사(경기도 이천시...),,,,,,,,,,,,,,,,,
등록결정(일반),1999.06.28,교류형 플라즈마디스플레이패널의 전극 구동 방법(Driving of electrode method of AC plasma display panel),에스케이하이닉스 주식회사(경기도 이천시...),,,,,,,,,,,,,,,,,
등록결정(일반),1999.06.28,플라즈마 디스플레이 패널의 구동방법(Method for driving plasma display panel),에스케이하이닉스 주식회사(경기도 이천시...),,,,,,,,,,,,,,,,,
거절결정(일반),1999.06.30,플라즈마 디스플레이 패널의 구동 장치 및 방법(Plasma display panel with device and method),에스케이하이닉스 주식회사(경기도 이천시...),,,,,,,,,,,,,,,,,
등록결정(일반),1999.06.18,시디엠에이 이동통신 시스템에서 발신번호 표시 제어방법(Method for controlling of originating number display in CDMA mobile communication system),에스케이하이닉스 주식회사(경기도 이천시...),,,,,,,,,,,,,,,,,
등록결정(일반),1999.06.28,어드레스 구간에서의 플라즈마 디스플레이 패널 구동 방법(METHOD FOR DRIVING PLASMA DISPLAY PANEL IN ADDRESS PERIOD),에스케이하이닉스 주식회사(경기도 이천시...),,,,,,,,,,,,,,,,,
등록결정(일반),1999.06.28,플라즈마 디스플레이 패널 및 그 구동 방법(PLASMA DISPLAY PANEL AND DRIVING METHOD THEREOF),에스케이하이닉스 주식회사(경기도 이천시...),,,,,,,,,,,,,,,,,
등록결정(일반),1999.05.21,엘씨디 드라이버용 디지탈-아날로그 변환기(DIGITAL-ANALOG CONVERTOR FOR LIQUID CRYSTAL DISPLAY DRIVER),에스케이하이닉스 주식회사(경기도 이천시...),,,,,,,,,,,,,,,,,
등록결정(일반),1999.04.09,디지털 이동통신 교환기의 프로세서간 아이-피-시 경로 종류 분류 및 출력 방법(Method for displaying inter-processor communication path between processors and classifying type of the path in digitalmobile communication exchange),에스케이하이닉스 주식회사(경기도 이천시...),,,,,,,,,,,,,,,,,
등록결정(일반),1998.12.30,방전전압감소를위한투명전극을구비하는플라즈마디스플레이패널(PLASMA DISPLAY PANEL HAVING TRANSPARENT ELECTRODE FOR REDUCING DISCHARGE VOLTAGE),에스케이하이닉스 주식회사(경기도 이천시...),,,,,,,,,,,,,,,,,
등록결정(일반),1998.12.30,전기영동법을이용한교류형플라즈마디스플레이패널의형광체층형성방법(METHOD FOR FORMING FLUORESCENT LAYER OF ALTERNATING CURRENT PLASMA DISPLAY PANEL USING ELECTROPHORESIS METHOD),에스케이하이닉스 주식회사(경기도 이천시...),,,,,,,,,,,,,,,,,
등록결정(일반),1998.12.30,캐소드루미네슨스형광체를갖는플라즈마디스플레이패널(PLASMA DISPLAY PANEL HAVING CATHODOLUMINESCENCE PHOSPHOR),에스케이하이닉스 주식회사(경기도 이천시...),,,,,,,,,,,,,,,,,
등록결정(일반),1998.12.30,"플라즈마디스플레이패널제조를위한배기,봉착장치및방법(EXHAUST/SEALING APPARATUS AND METHOD FOR FABRICATING PLASMA DISPLAY PANEL)",에스케이하이닉스 주식회사(경기도 이천시...),,,,,,,,,,,,,,,,,
등록결정(일반),1998.12.30,플라즈마 디스플레이 패널의 구조 및 구동방법(STRUCTURE OF PLASMA DISPLAY PANEL AND OPERATING METHOD OF THE SAME),에스케이하이닉스 주식회사(경기도 이천시...),,,,,,,,,,,,,,,,,
등록결정(일반),1998.12.29,액정 표시 장치(LIQUID CRYSTAL DISPLAY DEVICE),에스케이하이닉스 주식회사(경기도 이천시...),,,,,,,,,,,,,,,,,
등록결정(일반),1998.12.30,플라즈마디스플레이패널형성방법(METHOD FOR FORMING PLASMA DISPLAY PANEL),에스케이하이닉스 주식회사(경기도 이천시...),,,,,,,,,,,,,,,,,
거절결정(일반),1998.12.30,봉착용테이프를이용한플라즈마디스플레이패널의봉착방법(METHOD FOR FORMING SEAL LAYER OF PLASMA DISPLAY PANEL USING SEALING TAPE),에스케이하이닉스 주식회사(경기도 이천시...),,,,,,,,,,,,,,,,,
등록결정(일반),1998.12.23,액정 디스플레이 모듈(LIQUID CRYSTAL DISPLAY MODULE),에스케이하이닉스 주식회사(경기도 이천시...),,,,,,,,,,,,,,,,,
등록결정(일반),1998.12.24,분말충진법을이용한플라즈마디스플레이패널의전극형성방법(METHOD FOR FORMING ELECTRODE OF PLASMA DISPLAY PANEL BY POWDER FILLING TEQNIQUE),에스케이하이닉스 주식회사(경기도 이천시...),,,,,,,,,,,,,,,,,
등록결정(일반),1998.12.30,박막트랜지스터액정표시장치의패널구동방법(PANEL DRIVING METHOD FOR THIN FILM LIQUID CRYSTAL DISPLAY DEVICE),에스케이하이닉스 주식회사(경기도 이천시...),,,,,,,,,,,,,,,,,
등록결정(일반),1998.12.24,분말충진법을 이용한 플라즈마 디스플레이 패널의 유전체층 형성 방법(FORMING METHOD OF DIELECTRIC LAYER OF PLASMA DISPLAY PANEL USING POWDER FILLING METHOD),에스케이하이닉스 주식회사(경기도 이천시...),,,,,,,,,,,,,,,,,
등록결정(일반),1998.12.23,플라즈마디스플레이소자의전원공급회로(POWER SUPPLY CIRCUIT OF A PLASMA DISPLAY DEVICE),에스케이하이닉스 주식회사(경기도 이천시...),,,,,,,,,,,,,,,,,
등록결정(일반),1998.12.22,플라즈마디스플레이패널및그의구동방법(PLASMA DISPLAY PANEL AND METHOD FOR DRIVING THEREOF),에스케이하이닉스 주식회사(경기도 이천시...),,,,,,,,,,,,,,,,,
등록결정(일반),1998.12.15,발광 표시 소자의 형광체 증착 장치_(APPARATUS FOR EVAPORATING A FLUORESCENT BODY OF A LIGHT EMITTING DISPLAYING DEVICE),에스케이하이닉스 주식회사(경기도 이천시...),,,,,,,,,,,,,,,,,
등록결정(일반),1998.12.23,전계 방출 표시 소자의 제조방법(METHOD FOR FABRICATING FIELD EMISSION DISPLAY DEVICE),에스케이하이닉스 주식회사(경기도 이천시...),,,,,,,,,,,,,,,,,
등록결정(일반),1998.12.15,액정 표시 장치(LIQUID CRYSTAL DISPLAY DEVICE),에스케이하이닉스 주식회사(경기도 이천시...),,,,,,,,,,,,,,,,,
등록결정(일반),1998.12.15,유기 전계 발광 표시 소자(LIGHT EMITTING DISPLAYING DEVICE),에스케이하이닉스 주식회사(경기도 이천시...),,,,,,,,,,,,,,,,,
등록결정(일반),1998.12.15,기판외측에부착되는컬러필터를포함하는액정표시장치(LIQUID CRYSTAL DISPLAY DEVICE HAVING COLOR FILTER ON OUTER SURFACE OF SUBSTRATE),에스케이하이닉스 주식회사(경기도 이천시...),,,,,,,,,,,,,,,,,
등록결정(일반),1998.12.15,유기 전계 발광 표시 소자(ORGANIC ELECTRIC FIELD LIGHT EMITTING DISPLAYING DEVICE),에스케이하이닉스 주식회사(경기도 이천시...),,,,,,,,,,,,,,,,,
등록결정(일반),1998.12.15,반사형액정표시장치(REFLECTION TYPE LIQUID CRYSTAL DISPLAY DEVICE),에스케이하이닉스 주식회사(경기도 이천시...),,,,,,,,,,,,,,,,,
등록결정(일반),1998.10.28,플라즈마디스플레이패널의전면기판제조방법(METHOD FOR MANUFACTURING FRONT SUBSTRATE OF PLASMA DISPLAY PANEL),에스케이하이닉스 주식회사(경기도 이천시...),,,,,,,,,,,,,,,,,
등록결정(일반),1998.10.28,직류형플라즈마디스플레이패널및그구동방법(DC PLASMA DISPLAY PANEL AND OPERATING METHOD THEREOF),에스케이하이닉스 주식회사(경기도 이천시...),,,,,,,,,,,,,,,,,
등록결정(일반),1998.10.28,플라즈마디스플레이패널용팁관및이를이용한불순물포획방법(SUB TIP TUBE FOR PLASMA DISPLAY PANEL AND IMPURITY CAPTURING METHOD USING IT),에스케이하이닉스 주식회사(경기도 이천시...),,,,,,,,,,,,,,,,,
등록결정(일반),1998.10.29,전계방출표시소자의제조방법(FIELD EMISSION DISPLAY DEVICE AND METHOD FOR FABRICATING THEREOF),에스케이하이닉스 주식회사(경기도 이천시...),,,,,,,,,,,,,,,,,
등록결정(일반),1998.10.28,플라즈마디스플레이패널의전면기판제작방법(METHOD FOR MANUFACTURING FRONT SUBSTRATE OF PLASMA DISPLAY PANEL),에스케이하이닉스 주식회사(경기도 이천시...),,,,,,,,,,,,,,,,,
등록결정(일반),1998.10.12,액정 표시 장치(LIQUID CRYSTAL DISPLAY DEVICE),에스케이하이닉스 주식회사(경기도 이천시...),,,,,,,,,,,,,,,,,
등록결정(일반),1998.07.20,플라즈마디스플레이패널및그의구동방법(PLASMA DISPLAY PANEL AND DRIVE METHOD THEREOF),에스케이하이닉스 주식회사(경기도 이천시...),,,,,,,,,,,,,,,,,
등록결정(일반),1998.06.30,플라즈마디스플레이패널(PLASMA DISPLAY PANEL),에스케이하이닉스 주식회사(경기도 이천시...),,,,,,,,,,,,,,,,,
등록결정(일반),1998.06.30,플라즈마디스플레이패널의전극형성방법(ELECTRODE FORMATION METHOD OF PLASMA DISPLAY PANEL),에스케이하이닉스 주식회사(경기도 이천시...),,,,,,,,,,,,,,,,,
등록결정(일반),1998.06.30,플라즈마디스플레이패널의제조방법(METHOD OF MANUFACTURING PLASMA DISPLAY PANEL),에스케이하이닉스 주식회사(경기도 이천시...),,,,,,,,,,,,,,,,,
등록결정(일반),1998.06.30,플라즈마디스플레이패널의전극형성방법(ELECTRODE FORMATION METHOD OF PLASMA DISPLAY PANEL),에스케이하이닉스 주식회사(경기도 이천시...),,,,,,,,,,,,,,,,,
등록결정(일반),1998.06.30,액정표시장치의폴리실리콘-박막트랜지스터의형성방법(METHOD OF MANUFACTURING A POLYSILICON-THIN FILM TRANSISTOR OF A LIQUID CRYSTAL DISPLAY),에스케이하이닉스 주식회사(경기도 이천시...),,,,,,,,,,,,,,,,,
등록결정(일반),1998.06.30,플라즈마디스플레이패널의제조방법(FORMING METHOD OF PLASMA DISPLAY PANEL),에스케이하이닉스 주식회사(경기도 이천시...),,,,,,,,,,,,,,,,,
등록결정(일반),1998.06.30,플라즈마디스플레이패널의전극형성방법(METHOD OF FORMING ELECTRODES OF PLASMA DISPLAY PANEL),에스케이하이닉스 주식회사(경기도 이천시...),,,,,,,,,,,,,,,,,
등록결정(일반),1998.06.29,플라즈마디스플레이패널의전면기판(FRONT SUBSTRATE OF PLASMA DISPLAY PANEL),에스케이하이닉스 주식회사(경기도 이천시...),,,,,,,,,,,,,,,,,
등록결정(일반),1998.06.30,플라즈마디스플레이패널의게터및그의활성화방법(GETTER OF PLASMA DISPLAY PANEL AND ACTIVATION METHOD THEREOF),에스케이하이닉스 주식회사(경기도 이천시...),,,,,,,,,,,,,,,,,
등록결정(일반),1998.06.29,플라즈마디스플레이패널의형광체층형성방법(METHOD OF FORMING FLUORESCENT LAYER OF PLASMA DISPLAY PANEL),에스케이하이닉스 주식회사(경기도 이천시...),,,,,,,,,,,,,,,,,
등록결정(일반),1998.06.22,액정표시소자의화면표시품위검사방법(METHOD FOR TESTING LIQUID CRYSTAL DISPLAY DEVICES),에스케이하이닉스 주식회사(경기도 이천시...),,,,,,,,,,,,,,,,,
등록결정(일반),1998.06.30,플라즈마디스플레이패널의전면기판제조방법(METHOD OF MAKING FRONT SUBSTRATE OF PLASMA DISPLAY PANEL),에스케이하이닉스 주식회사(경기도 이천시...),,,,,,,,,,,,,,,,,
등록결정(일반),1998.06.29,액정표시장치(LIQUID CRYSTAL DISPLAY),에스케이하이닉스 주식회사(경기도 이천시...),,,,,,,,,,,,,,,,,
등록결정(일반),1998.06.29,저전력 엘씨디 신호 생성 장치(LOW-POWER CONSUMPTION SIGNAL GENERATOR FOR USE IN LIQUID CRYSTAL DISPLAY DEVICE),에스케이하이닉스 주식회사(경기도 이천시...),,,,,,,,,,,,,,,,,
등록결정(일반),1998.06.30,플라즈마디스플레이패널(PLASMA DISPLAY PANEL),에스케이하이닉스 주식회사(경기도 이천시...),,,,,,,,,,,,,,,,,
등록결정(일반),1998.06.25,액정표시소자의폴리실리콘박막트랜지스터및그의제조방법(POLY-SILICON THIN FILM TRANSISTOR OF LIQUID CRYSTAL DISPLAY AND MANUFACTURING METHOD THEREOF),에스케이하이닉스 주식회사(경기도 이천시...),,,,,,,,,,,,,,,,,
등록결정(일반),1998.06.10,전전자 교환기에서의 다중상황 표시장치(device for displaying multi station of full electronic telephone exchange),에스케이하이닉스 주식회사(경기도 이천시...),,,,,,,,,,,,,,,,,
등록결정(일반),1998.06.26,액정표시소자의 데이터 라인 형성방법(METHOD OF FORMING A DATA LINE IN LCD(LIQUID CRYSTAL DISPLAY)),에스케이하이닉스 주식회사(경기도 이천시...),,,,,,,,,,,,,,,,,
등록결정(일반),1998.06.25,액정표시장치(Liquid Crystal Display Device),에스케이하이닉스 주식회사(경기도 이천시...),,,,,,,,,,,,,,,,,
등록결정(일반),1998.06.15,교류형플라즈마디스플레이패널및그의구동방법(ALTERNATING CURRENT PLASMA DISPLAY PANEL AND OPERATING METHOD OF THE SAME),에스케이하이닉스 주식회사(경기도 이천시...),,,,,,,,,,,,,,,,,
등록결정(일반),1998.06.22,액정표시소자의 위상차 검출회로(PHASE DIFFERENCE DETECTION CIRCUIT FOR A LIQUID CRYSTAL DISPLAY DEVICE),에스케이하이닉스 주식회사(경기도 이천시...),,,,,,,,,,,,,,,,,
거절결정(일반),1998.06.12,평판 디스플레이 패널의 데이터 입력장치(DATA INPUT APPARATUS OF PLAT PANEL DISPLAY),에스케이하이닉스 주식회사(경기도 이천시...),,,,,,,,,,,,,,,,,
등록결정(일반),1998.05.29,컬러쉬프트가없는아이피에스모드액정표시장치(IPS MODE LIQUID CRYSTAL DISPLAY DEVICE HAVING NO COLOR SHIFT),에스케이하이닉스 주식회사(경기도 이천시...),,,,,,,,,,,,,,,,,
취하(심사미청구),1998.05.13,차량의 오디오/비디오 시스템 모드 정보 표시 방법(METHOD OF DISPLAYING MODE INFORMATION OF A CAR AUDIO AND VIDEO SYSTEM WHICH IS ABLE TO TRACK OF AN ENTIRE SYSTEM BY DISPLAYING OPERATING STATE OF A CAR AUDIO AND VIDEO SYSTEM ON A SCREEN IN RESPONSE TO MODES),에스케이하이닉스 주식회사(경기도 이천시...),,,,,,,,,,,,,,,,,
취하(심사미청구),1998.05.13,"차량의 주행 정보 표시 장치 및 그 방법(DEVICE AND A METHOD FOR DISPLAYING TRAVELING INFORMATION OF A VEHICLE, ESPECIALLY FOR DISPLAYING TRAVELABLE DISTANCE, FUEL ECONOMY, AND VEHICLE SPEED)",에스케이하이닉스 주식회사(경기도 이천시...),,,,,,,,,,,,,,,,,
등록결정(일반),1998.04.22,액정표시소자(Liquid crystal display device),에스케이하이닉스 주식회사(경기도 이천시...),,,,,,,,,,,,,,,,,
취하(심사미청구),1998.03.04,비엠피 데이터 디스플레이 방법(METHOD OF DISPLAYING BMP DATA FOR DISPLAYING BMP FILE HAVING DESIRED SIZE IN A DESIRED POSITION),에스케이하이닉스 주식회사(경기도 이천시...),,,,,,,,,,,,,,,,,
등록결정(일반),1998.03.02,플라즈마디스플레이패널(PDP)(PLASMA DISPLAY PANEL),에스케이하이닉스 주식회사(경기도 이천시...),,,,,,,,,,,,,,,,,
취하(심사미청구),1998.03.04,문자 디스플레이장치 및 방법(APPARATUS AND METHOD FOR DISPLAYING CHARACTERS FOR DISPLAYING KOREAN ALPHABET OR ASCII CHARACTERS),에스케이하이닉스 주식회사(경기도 이천시...),,,,,,,,,,,,,,,,,
등록결정(일반),1998.01.30,액정 표시 소자(LIQUID CRYSTAL DISPLAY),에스케이하이닉스 주식회사(경기도 이천시...),,,,,,,,,,,,,,,,,
취하(심사미청구),1997.12.31,플라즈마 디스플레이 패널의 화상 개선구조(STRUCTURE FOR IMPROVING A QUALITY OF AN IMAGE FOR A PLASMA DISPLAY PANEL BY FORMING A CURVED UNIT POSITIONED AT A FLUORESCENT BODY AND SHAPED LIKE A CONCAVE MIRROR),에스케이하이닉스 주식회사(경기도 이천시...),,,,,,,,,,,,,,,,,
등록결정(일반),1997.12.30,"EDO DRAM 모듈의 불량소자 검출기(DEFECTIVE DEVICE DETECTOR OF EDO DRAM MODULE, CAPABLE OF DISPLAYING VALUE OF DATA AND ADDRESS WHEN ERROR OCCURS)",에스케이하이닉스 주식회사(경기도 이천시...),,,,,,,,,,,,,,,,,
등록결정(일반),1997.12.29,플라즈마 디스플레이 패널(PLASMA DISPLAY PANEL),에스케이하이닉스 주식회사(경기도 이천시...),,,,,,,,,,,,,,,,,
등록결정(일반),1997.12.30,마이크로 브릿지형 플라즈마 디스플레이 패널 및 그의 제조방법(MICRO BRIDGE PLASMA DISPLAY PANEL AND METHOD OF MANUFACTURING THE SAME),에스케이하이닉스 주식회사(경기도 이천시...),,,,,,,,,,,,,,,,,
등록결정(일반),1997.12.29,플라즈마 디스플레이 패널(PLASMA DISPLAY PANEL),에스케이하이닉스 주식회사(경기도 이천시...),,,,,,,,,,,,,,,,,
등록결정(일반),1997.12.29,액정표시소자(LIQUID CRYSTAL DISPLAY DEVICE),에스케이하이닉스 주식회사(경기도 이천시...),,,,,,,,,,,,,,,,,
거절결정(일반),1997.12.29,액정표시소자(ELECTRODE CONFIGURATION OF LIQUID CRYSTAL DISPLAY DEVICE WHERE ELECTRIC FIELDS OF ELECTRODE CONFIGURATIONS OF NEIGHBORING UNIT PIXEL CROSS AT RIGHT ANGLES),에스케이하이닉스 주식회사(경기도 이천시...),,,,,,,,,,,,,,,,,
등록결정(일반),1997.12.29,액정표시소자의 자동 모드 검출 회로(AUTOMATIC MODE DETECTION CIRCUIT OF LIQUID DISPLAY ELEMENT),에스케이하이닉스 주식회사(경기도 이천시...),,,,,,,,,,,,,,,,,
거절결정(일반),1997.12.27,"수신국가 시간표시기능을 가지는 CDMA단말기 및 그 수신국가 시간표시방법(CDMA(CODE DIVISION MULTIPLE ACCESS) TERMINAL HAVING A RECEIVING COUNTRY TIME DISPLAY FUNCTION AND A RECEIVING COUNTRY TIME DISPLAY METHOD, PARTICULARLY FOR AUTOMATICALLY DISPLAYING A DATE AND TIME OF A RECEIVING COUNTRY BY STORING COUNTRY CODE DATA AND AREA CODE DATA OF A RECEIVING COUNTRY AND DATA ABOUT TIME DIFFERENCE WITH A TRANSMITTING COUNTRY IN A MEMORY OF THE CDMA TERMINAL)",에스케이하이닉스 주식회사(경기도 이천시...),,,,,,,,,,,,,,,,,
포기(등록료 미납),1997.12.29,"EQ 음질 튜닝장치 및 그 제어방법(APPARATUS FOR TUNING EQ(EQUALIZER) SOUND QUALITY AND A METHOD FOR CONTROLLING THE SAME, ESPECIALLY CAPABLE OF EASY ADJUSTMENT OF SOUND QUALITY BY DISPLAYING SOUND QUALITY LEVEL)",에스케이하이닉스 주식회사(경기도 이천시...),,,,,,,,,,,,,,,,,
등록결정(일반),1997.12.26,플라즈마디스플레이패널의제조방법(MANUFACTURING METHOD OF PLASMA DISPLAY PANEL),에스케이하이닉스 주식회사(경기도 이천시...),,,,,,,,,,,,,,,,,
등록결정(일반),1997.12.29,액정표시소자(Liquid crystal display device),에스케이하이닉스 주식회사(경기도 이천시...),,,,,,,,,,,,,,,,,
취하(심사미청구),1997.12.29,"방송방식에 따른 화면 디스플레이 자동 변환장치(APPARATUS FOR AUTOMATICALLY CHANGING A SCREEN DISPLAY ACCORDING TO A BROADCASTING TYPE, ESPECIALLY FOR DETERMINING A BROADCASTING TYPE BY SEPARATING AND ANALYZING A SYNCHRONIZATION SIGNAL FROM A BROADCASTING SIGNAL AND AUTOMATICALLY CHANGING INTO A CORRESPONDING DISPLAY TYPE OF A TFT-LCD(THIN FILM TRANSISTOR LIQUID CRYSTAL DISPLAY) IMAGE SIGNAL)",에스케이하이닉스 주식회사(경기도 이천시...),,,,,,,,,,,,,,,,,
등록결정(일반),1997.12.26,플라즈마 디스플레이 패널(PDP) 및 그의 구동 방법(PLASMA DISPLAY PANEL AND ITS DRIVING METHOD),에스케이하이닉스 주식회사(경기도 이천시...),,,,,,,,,,,,,,,,,
등록결정(일반),1997.12.26,플라즈마 디스플레이 패널 및 그의 제어 방법(PLASMA DISPLAY PANEL AND ITS CONTROL METHOD),에스케이하이닉스 주식회사(경기도 이천시...),,,,,,,,,,,,,,,,,
등록결정(일반),1997.12.24,플라즈마디스플레이패널(PLASMA DISPLAY PANEL),에스케이하이닉스 주식회사(경기도 이천시...),,,,,,,,,,,,,,,,,
등록결정(일반),1997.12.24,테스트패턴이구비된플라즈마디스플레이패널(PLASMA DISPLAY PANEL WITH TEST PATTERN),에스케이하이닉스 주식회사(경기도 이천시...),,,,,,,,,,,,,,,,,
등록결정(일반),1997.12.24,직류형 플라즈마 디스플레이 패널 및 그의 제조방법(DC PLASMA DISPLAY PANEL AND MANUFACTURING METHOD THEREOF),에스케이하이닉스 주식회사(경기도 이천시...),,,,,,,,,,,,,,,,,
등록결정(일반),1997.12.24,마이크로 브릿지형 플라즈마 디스플레이 패널 및 그의 제조방법(MICRO-BRIDGE TYPE PLASMA DISPLAY PANEL AND MANUFACTURING METHOD THEREOF),에스케이하이닉스 주식회사(경기도 이천시...),,,,,,,,,,,,,,,,,
등록결정(일반),1997.12.22,액정표시소자(LIQUID CRYSTAL DISPLAY DEVICE),에스케이하이닉스 주식회사(경기도 이천시...),,,,,,,,,,,,,,,,,
취하(심사미청구),1997.12.11,"디지털 위성방송 수신기의 비디오 포맷과 디스플레이 화면크기 변경 제어 방법(METHOD FOR CHANGING THE CONTROL OF A VIDEO FORMAT AND A DISPLAY SCREEN SIZE IN A DIGITAL SATELLITE BROADCASTING RECEIVER, ESPECIALLY FOR AUTOMATICALLY CHANGING THE VIDEO FORMAT AND THE DISPLAY SCREEN SIZE ACCORDING TO VIDEO FORMAT INFORMATION AND DISPLAY SCREEN INFORMATION BY DETECTING A VIDEO STREAM RECEIVED FROM A SATELLITE)",에스케이하이닉스 주식회사(경기도 이천시...),,,,,,,,,,,,,,,,,
취하(심사미청구),1997.12.11,"아날로그/디지털 영상의 자막 오버레이 장치(APPARATUS FOR OVERLAYING A CAPTION OF AN ANALOG/DIGITAL VIDEO, ESPECIALLY FOR OVERLAYING THE CAPTION GENERATED IN A DIGITAL FORM WHEN AN ANALOG VIDEO IS DISPLAYED)",에스케이하이닉스 주식회사(경기도 이천시...),,,,,,,,,,,,,,,,,
거절결정(일반),1997.12.11,디스플레이의픽셀처리장치(PIXEL PROCESSING DEVICE OF A DISPLAY FOR PROCESSING TWO PIXEL MODES BY USING TWO SIGNALS INPUTTED ONE PIXEL SHAPE WITHOUT SEPARATE DEVICE),에스케이하이닉스 주식회사(경기도 이천시...),,,,,,,,,,,,,,,,,
등록결정(일반),1997.12.03,액정표시소자(LIQUID CRYSTAL DISPLAY),에스케이하이닉스 주식회사(경기도 이천시...),,,,,,,,,,,,,,,,,
등록결정(일반),1997.11.25,액정표시소자(Liquid Crystal Display Device),에스케이하이닉스 주식회사(경기도 이천시...),,,,,,,,,,,,,,,,,
등록결정(일반),1997.11.10,자외선에 의한 빛의 간섭을 줄이기 위한 플라즈마 디스플레이판넬(PLASMA DISPLAY PANEL WITH DECREASED ULTRA VIOLET BEAM INTERFERENCE),에스케이하이닉스 주식회사(경기도 이천시...),,,,,,,,,,,,,,,,,
등록결정(일반),1997.11.10,자외선에 의한 빛의 간섭을 줄이기 위한 플라즈마 디스플레이판넬(PLASMA DISPLAY PANEL WITH DECREASED VIOLET INTERFERENCE),에스케이하이닉스 주식회사(경기도 이천시...),,,,,,,,,,,,,,,,,
취하(심사미청구),1997.10.22,디지털 비디오 디스크 플레이어의 멀티모드 슬립선택 방법(METHOD FOR SELECTING A SLEEPING FUNCTION BY A MULTI MODE OF A DIGITAL VIDEO DISC PLAYER BY OUTPUTTING A SELECTION MENU BY AN OSD(ON-SCREEN DISPLAY)),에스케이하이닉스 주식회사(경기도 이천시...),,,,,,,,,,,,,,,,,
취하(심사미청구),1997.10.20,액정구동장치 디스플레이방향 구현방법(DISPLAY DIRECTION ADJUSTING METHOD OF A LIQUID CRYSTAL DISPLAY DEVICE TO CONVERT A DISPLAY DIRECTION OF USER'S OWN ACCORD),에스케이하이닉스 주식회사(경기도 이천시...),,,,,,,,,,,,,,,,,
취하(심사미청구),1997.10.14,"스탠드-바이전원상태에서의화면디스플레이장치및그제어방법(SCREEN DISPLAY APPARATUS IN A STANDBY POWER STATE AND A CONTROL METHOD THEREOF, ESPECIALLY FOR REMOVING A NECESSITY THAT A USER TURNS ON POWER AND REDUCING TIME REQUIRED TO DISPLAY A SCREEN FOR A USER)",김성기(경기도 안산시 단원구...)|에스케이하이닉스 주식회사(경기도 이천시...),,,,,,,,,,,,,,,,,
등록결정(일반),1997.08.16,액정표시장치의문자표시방법(Character display method for LCD),에스케이하이닉스 주식회사(경기도 이천시...),,,,,,,,,,,,,,,,,
등록결정(일반),1997.08.08,하이스피드비디오프레임버퍼(HIGH SPEED VIDEO FRAME BUFFER USING DYNAMIC MEMORY CELL INSTALLED ON SAME CHIP AS VIDEO DISPLAY CONTROLLER),에스케이하이닉스 주식회사(경기도 이천시...),,,,,,,,,,,,,,,,,
등록결정(심사전치후),1997.06.30,쓰기가능한액정표시장치(WRITABLE LIQUID CRYSTAL DISPLAY DEVICE),에스케이하이닉스 주식회사(경기도 이천시...),,,,,,,,,,,,,,,,,
등록결정(일반),1997.06.30,액정표시소자 반입/반출장치(Apparatus for carring in/out liquid display device),에스케이하이닉스 주식회사(경기도 이천시...),,,,,,,,,,,,,,,,,
등록결정(일반),1997.06.27,플라즈마 디스플레이 패널의 스크린 마스크 제작 방법(METHOD OF MANUFACTURING SCREEN MASK OF PLASMA DISPLAY PANEL),에스케이하이닉스 주식회사(경기도 이천시...),,,,,,,,,,,,,,,,,
등록결정(일반),1997.06.28,이동통신교환기의 운용보전인터페이스 시스템간의 넘버.7 신호링크 상태표현방법(NO.7 SIGNAL LINK STATUS DISPLAY METHOD BETWEEN MOBILE EXCHANGE AND MAINTENANCE INTERFACE),에스케이하이닉스 주식회사(경기도 이천시...),,,,,,,,,,,,,,,,,
등록결정(일반),1997.06.28,통신 시스템의 서비스 요금 표시장치 및 표시방법(Method and apparatus for displaying service fare in communication system),에스케이하이닉스 주식회사(경기도 이천시...),,,,,,,,,,,,,,,,,
등록결정(일반),1997.06.26,플라즈마 디스플레이 패널 및 그의 제조방법(PLASMA DISPLAY PANEL AND MANUFACTURING METHOD THEREOF),에스케이하이닉스 주식회사(경기도 이천시...),,,,,,,,,,,,,,,,,
등록결정(일반),1997.06.25,플라즈마 디스플레이 패널(PLASMA DISPLAY PANEL),에스케이하이닉스 주식회사(경기도 이천시...),,,,,,,,,,,,,,,,,
등록결정(일반),1997.06.26,플라즈마 디스플레이 패널의 제조 방법(MANUFACTURE OF PLASMA DISPLAY PANEL),에스케이하이닉스 주식회사(경기도 이천시...),,,,,,,,,,,,,,,,,
등록결정(일반),1996.12.30,액정표시소자(LIQUID CRYSTAL DISPLAY ELEMENT),에스케이하이닉스 주식회사(경기도 이천시...),,,,,,,,,,,,,,,,,
등록결정(일반),1996.11.29,액정 표시 장치(LIQUID CRYSTAL DISPLAY DEVICE),에스케이하이닉스 주식회사(경기도 이천시...),,,,,,,,,,,,,,,,,
등록결정(일반),1996.11.29,액정 표시 소자 및 그 제조방법(LIQUID CRYSTAL DISPLAY ELEMENTS AND ITS MANUFACTURING METHOD),에스케이하이닉스 주식회사(경기도 이천시...),,,,,,,,,,,,,,,,,
등록결정(일반),1996.11.29,액정 표시 소자(LIQUID CRYSTAL DISPLAY ELEMENT),에스케이하이닉스 주식회사(경기도 이천시...),,,,,,,,,,,,,,,,,
등록결정(일반),1996.11.27,화면 구동 장치(CIRCUIT FOR DRIVING DISPLAY),에스케이하이닉스 주식회사(경기도 이천시...),,,,,,,,,,,,,,,,,
등록결정(일반),1996.11.29,액정 표시소자 및 그 제조방법(LIQUID CRYSTAL DISPLAY ELEMENT AND ITS MANUFACTURING METHOD),에스케이하이닉스 주식회사(경기도 이천시...),,,,,,,,,,,,,,,,,
등록결정(일반),1996.06.29,박막 트랜지스터 액정표시소자(THIN FILM TRANSISTOR LIQUID CRYSTAL DISPLAY DEVICE),에스케이하이닉스 주식회사(경기도 이천시...),,,,,,,,,,,,,,,,,
등록결정(일반),1996.06.27,액정 표시 소자의 제조방법(MANUFACTURING METHOD OF LIQUID CRYSTAL DISPLAY ELEMENT),에스케이하이닉스 주식회사(경기도 이천시...),,,,,,,,,,,,,,,,,
등록결정(일반),1996.05.22,능동 매트리스 액정 표시 소자의 제조 방법(A MENUFACTURE METHOD OF ACTIVE MATRIX LIQUID CRYSTAL DISPLAY DEVICE),에스케이하이닉스 주식회사(경기도 이천시...),,,,,,,,,,,,,,,,,
등록결정(일반),1996.05.08,전계 방출 표시기 및 그 제조방법(FIELD EMISSION DISPLAY DEVICE AND MANUFACTURING METHOD THEREOF),에스케이하이닉스 주식회사(경기도 이천시...),,,,,,,,,,,,,,,,,
등록결정(일반),1996.01.11,액정 표시 소자의 제조방법(MANUFACTURING METHOD OF LIQUID CRYSTAL DISPLAY ELEMENT),에스케이하이닉스 주식회사(경기도 이천시...),,,,,,,,,,,,,,,,,
등록결정(일반),1996.01.11,액정 표시 장치의 전극배선 형성방법(ELECTRODE WIRING FORMATING METHOD OF LIQUID CRYSTAL DISPLAY DEVICE),에스케이하이닉스 주식회사(경기도 이천시...),,,,,,,,,,,,,,,,,
등록결정(일반),1995.12.29,차량 속도 디스플레이 장치(SPEED DISPLAY DEVICE OF CAR),에스케이하이닉스 주식회사(경기도 이천시...),,,,,,,,,,,,,,,,,
등록결정(일반),1995.12.29,디스플레이 장치의 수직 동기신호 처리장치(VERTICAL SYNCHRONIZATION SIGNAL PROCESS DEVICE OF DISPLAY APPARATUS),에스케이하이닉스 주식회사(경기도 이천시...),,,,,,,,,,,,,,,,,
등록결정(일반),1995.12.23,액정표시소자(LIQUID CRYSTAL DISPLAY DEVICE),에스케이하이닉스 주식회사(경기도 이천시...),,,,,,,,,,,,,,,,,
등록결정(일반),1995.12.23,액정표시소자(LIQUID CRYSTAL DISPLAY DEVICE),에스케이하이닉스 주식회사(경기도 이천시...),,,,,,,,,,,,,,,,,
등록결정(일반),1995.12.23,액정표시소자(LIQUID CRYSTAL DISPLAY ELEMENTS),에스케이하이닉스 주식회사(경기도 이천시...),,,,,,,,,,,,,,,,,
등록결정(일반),1995.11.20,액정표시소자의박막트랜지스터제조방법(A TFT MENUFACTURE METHOD OF LIQUID CRYSTAL DISPLAY DEVICE),에스케이하이닉스 주식회사(경기도 이천시...),,,,,,,,,,,,,,,,,
등록결정(일반),1995.11.20,플라즈마디스플레이패널의제조방법(Manufacturing method of plasma display panel),에스케이하이닉스 주식회사(경기도 이천시...),,,,,,,,,,,,,,,,,
등록결정(일반),1993.12.29,홀로그램광학소자를이용한자동차용헤드엎디스플레이장치(VEHICLE HEAD-UP DISPLAY APPARATUS FOR HOLOGRAM LIGHT PARTICLE),에스케이하이닉스 주식회사(경기도 이천시...),,,,,,,,,,,,,,,,,
등록결정(일반),1992.09.02,다중동기시알티(CRT)디스플레이장치에이용되는디지털컨버전스장치(The digital convergence apparatus using multi-sync CRT display apparatus),에스케이하이닉스 주식회사(경기도 이천시...),,,,,,,,,,,,,,,,,
등록결정(일반),1993.12.23,홀로그램광학소자를이용한자동차용헤드엎디스플레이장치(VEHICLE HEAD-UP DISPLAY DEVICE FOR HOLOGRAM LIGHT PARTICLE),에스케이하이닉스 주식회사(경기도 이천시...),,,,,,,,,,,,,,,,,
취하(심사미청구),1998.07.10,무인과속단속기를 이용한 도로교통상황 정보 디스플레이 장치및 방법(ROAD TRAFFIC SITUATION INFORMATION DISPLAY DEVICE AND METHOD USING A PILOTLESS EXCESSIVE SPEED GUN),에스케이하이닉스 주식회사(경기도 이천시...),,,,,,,,,,,,,,,,,
취하(심사미청구),1998.02.26,지역 차량항법 정보장치(LOCAL CAR NAVIGATION INFORMATION APPARATUS WHICH DISPLAYS CURRENT CAR POSITION AND OTHER TRAFFIC INFORMATION BY REGION),에스케이하이닉스 주식회사(경기도 이천시...),,,,,,,,,,,,,,,,,
거절결정(일반),1998.06.27,개구율이 개선된 액정 표시 장치(LIQUID CRYSTAL DISPLAY UNIT HAVING IMPROVING APERATURE RATIO),에스케이하이닉스 주식회사(경기도 이천시...),,,,,,,,,,,,,,,,,
거절결정(일반),1997.12.24,"플라즈마디스플레이패널의제조방법(METHOD FOR MANUFACTURING A PLASMA DISPLAY PANEL BY EXPOSING A LIGHT-SENSITIVE PASTE PRINTED BY USING A DISC-TYPE GLASS MASK, ON A GLASS SUBSTRATE)",에스케이하이닉스 주식회사(경기도 이천시...),,,,,,,,,,,,,,,,,
등록결정(일반),1991.06.21,퍼스널컴퓨터기기의화상표시부백-레쉬제거구조(BACK-LASH ELEMINATING APPARATUS FOR DISPLAY UNIT),에스케이하이닉스 주식회사(경기도 이천시...),,,,,,,,,,,,,,,,,
취하(심사미청구),1997.10.14,"비디오신호 디스플레이 장치 및 그 제어방법(VIDEO SIGNAL DISPLAY DEVICE AND A CONTROL METHOD THEREOF, ESPECIALLY FOR OVERLAYING DIFFERENT VIDEO SIGNALS OF AN NTSC(NATIONAL TELEVISION SYSTEM COMMITTEE) TYPE AND A PAL(PHASER ALTERNATION LINE) TYPE)",에스케이하이닉스 주식회사(경기도 이천시...),,,,,,,,,,,,,,,,,
취하(심사미청구),1997.10.14,영상기기 출력 검사장치(APPARATUS FOR TESTING OUTPUTS OF DISPLAY DEVICES USING SINGLE TV RECEIVER),에스케이하이닉스 주식회사(경기도 이천시...),,,,,,,,,,,,,,,,,
취하(심사미청구),2001.02.22,이동통신 단말기에서의 배터리 잔량을 이용한 개인 정보표시 방법(METHOD FOR DISPLAYING INFORMATION USING BATTERY VOLUMEREMAIN IN MOBILE COMMUNICATION PHONE),에스케이하이닉스 주식회사(경기도 이천시...),,,,,,,,,,,,,,,,,
등록결정(일반),1990.09.14,충전기의밧데리충전시간표시회로및방법(METHOD AND CIRCUIT FOR DISPLAYING CHARGING TIME OF BATTERY),에스케이하이닉스 주식회사(경기도 이천시...),,,,,,,,,,,,,,,,,
등록결정(일반),1994.12.28,액정디스플레이의빛확산구조(LIGHT DIFFUSING STRUCTURE OF LIQUID CRYSTAL DISPLAY),에스케이하이닉스 주식회사(경기도 이천시...),,,,,,,,,,,,,,,,,
등록결정(일반),1994.12.09,디스플레이카운터가구비된웨이퍼로우딩시스템(WAFER LOADING SYSTEM HAVING DISPLAY COUNTER),에스케이하이닉스 주식회사(경기도 이천시...),,,,,,,,,,,,,,,,,
등록결정(일반),1994.10.28,에이-시-티변속단위치및진단코드표시장치(ACT TRANSMISSION GEAR SHIFTING DISPLAY),에스케이하이닉스 주식회사(경기도 이천시...),,,,,,,,,,,,,,,,,
등록결정(일반),1994.10.17,무선호출수신기의액정디스플레이(LCD)보호장치(APPARATUS FOR PROTECTING THE LCD DISPLAY OF PAGER TERMINAL),에스케이하이닉스 주식회사(경기도 이천시...),,,,,,,,,,,,,,,,,
등록결정(일반),1994.08.02,다색발광다이오드를이용한다중모드표시회로(MULTI-MODE DISPLAY CIRCUIT FOR A MULTI-LED),에스케이하이닉스 주식회사(경기도 이천시...),,,,,,,,,,,,,,,,,
등록결정(일반),1993.03.31,평판표시소자용어셈블러(ASSEMBLY A OF AN FLAT DISPLAY ELEMENT),에스케이하이닉스 주식회사(경기도 이천시...),,,,,,,,,,,,,,,,,
등록결정(일반),1992.11.14,고무도전판을이용한엘씨디의접속불량방지장치(NONCONDUCTOR CHECK DEVICE OF RUBBER ELECTRIC PLATE USING LIQUID CRISTAL DISPLAY),에스케이하이닉스 주식회사(경기도 이천시...),,,,,,,,,,,,,,,,,
등록결정(일반),1992.06.30,AF카메라시험용거리표시장치(DISTANCE DISPLAY DEVICE FOR TESTING OF AF CAMERA),에스케이하이닉스 주식회사(경기도 이천시...),,,,,,,,,,,,,,,,,
등록결정(일반),1991.10.14,칼라디스플레이장치의일그러짐보정회로(DISTORTION COMPENSATING CIRCUIT FOR COLOR DISPLAY DEVICE),에스케이하이닉스 주식회사(경기도 이천시...),,,,,,,,,,,,,,,,,
등록결정(일반),1991.06.21,휴대용퍼스널컴퓨터의화상표시부각도조절힌지(DISPLAY UNIT FOR PORTABLE PERSONAL COMPUTER),에스케이하이닉스 주식회사(경기도 이천시...),,,,,,,,,,,,,,,,,
등록결정(일반),1991.04.18,모니터의수직진폭모드절환장치(VERTICAL SIGNAL AMPLITUDE MODE TRANSFER APPARATUS FOR DISPLAY MONITORS),에스케이하이닉스 주식회사(경기도 이천시...),,,,,,,,,,,,,,,,,
등록결정(일반),1990.11.19,전기전자통신기기의LCD판고정장치(LIQUID CRYSTAL DISPLAY BOARD FIXING DEVICE),에스케이하이닉스 주식회사(경기도 이천시...),,,,,,,,,,,,,,,,,
등록결정(일반),1990.11.15,휴대용컴퓨터의액정표시판자동열림장치(AUTO-UNLOCKING APPARATUS FOR LCD DISPLAY OF PORTABLE P.C.),에스케이하이닉스 주식회사(경기도 이천시...),,,,,,,,,,,,,,,,,
등록결정(일반),1990.09.19,카-오디오스피커의불평형표시회로(DISPLAY CIRCUIT OF CAR AUDIO SPEAKER),에스케이하이닉스 주식회사(경기도 이천시...),,,,,,,,,,,,,,,,,
등록결정(일반),1990.05.31,마이크로프로세서제어LED표시장치(MICROPROCESSOR CONTROL LED DISPLAY DEVICE),에스케이하이닉스 주식회사(경기도 이천시...),,,,,,,,,,,,,,,,,
등록결정(일반),1990.04.11,액정표시커버의틸팅용스프링장치(TILTING APPARATUS FOR LCD-DISPLAY PANEL),에스케이하이닉스 주식회사(경기도 이천시...),,,,,,,,,,,,,,,,,
등록결정(일반),1990.03.31,LCD문자표시구동장치(DRIVING DEVICE WHICH DISPLAYS LCD WORD),에스케이하이닉스 주식회사(경기도 이천시...),,,,,,,,,,,,,,,,,
등록결정(일반),1989.11.30,무전기의수신감도향상을위한LED디스플레이구동회로(CIRCUIT FOR DRIVING LED DISPLAY FOR IMPROVING SENSITIVITY OF RADIO TRANSCEIVER),에스케이하이닉스 주식회사(경기도 이천시...),,,,,,,,,,,,,,,,,
등록결정(일반),1989.11.30,카스테레오의문자표시판각도조절장치(DISPLAY BOARD ANGLE CONTROL APPARATUS),에스케이하이닉스 주식회사(경기도 이천시...),,,,,,,,,,,,,,,,,
등록결정(일반),1989.11.29,밧데리재충전시기표시회로(DISPLAYING CIRCUIT TIMING RECHARGE BATTERY),에스케이하이닉스 주식회사(경기도 이천시...),,,,,,,,,,,,,,,,,
등록결정(일반),1989.10.19,팩시밀리의기록지잔량표시장치(RECORDING PAPER DISPLAY DEVICE FOR FAX),에스케이하이닉스 주식회사(경기도 이천시...),,,,,,,,,,,,,,,,,
취하(심사미청구),2001.02.21,휴대용 단말기의 배터리 잔량 및 수신감도 표시 방법(Method for displaying of battery residue or receivesensitivity in portable terminal),에스케이하이닉스 주식회사(경기도 이천시...),,,,,,,,,,,,,,,,,
거절결정(일반),2000.06.24,고화질 텔레비전의 움직임 보상 및 화면 디스플레이 장치(Apparatus for motion compensating and displaying inHDTV),에스케이하이닉스 주식회사(경기도 이천시...),,,,,,,,,,,,,,,,,
거절결정(일반),2000.03.18,이동통신 시스템에서 선불카드 가입자에게 통화잔액과사용시간을 디스플레이하기 위한 방법(Method for displaying balance and using time topre-paidservice subscriber in mobile communicationsystem),에스케이하이닉스 주식회사(경기도 이천시...),,,,,,,,,,,,,,,,,
거절결정(일반),1999.12.28,자모음 조합 표시 구조를 갖는 한글 자막 방송 수신기 및그의 제어 방법(KOREAN CLOSED CAPTION DECORDER HAVING CONSONANT ANDVOWEL COMBINATION DISPLAY STRUCTURE AND CONTROL METHODTHEREOF),에스케이하이닉스 주식회사(경기도 이천시...),,,,,,,,,,,,,,,,,
취하(심사미청구),1999.04.27,라디오 방송국명 표시방법(Method for display of radio broadcasting station title),에스케이하이닉스 주식회사(경기도 이천시...),,,,,,,,,,,,,,,,,
취하(심사미청구),1999.04.27,차량의 주행 가능 거리 표시 방법(Method for display as to navigation possible distance in vehicles),에스케이하이닉스 주식회사(경기도 이천시...),,,,,,,,,,,,,,,,,
거절결정(일반),1999.04.14,CDMA 통신시스템에서의 단말기 위치정보 디스플레이방법(METHOD FOR DISPLAYING POSITION INFORMATION OF MOBILE STATIONIN CDMACOMMUNICATION SYSTEM),에스케이하이닉스 주식회사(경기도 이천시...),,,,,,,,,,,,,,,,,
취하(심사미청구),1999.01.20,엘씨디 타이밍 제어회로(LIQUID CRYSTAL DISPLAY TIMING CONTROL CIRCUIT),에스케이하이닉스 주식회사(경기도 이천시...),,,,,,,,,,,,,,,,,
취하(심사미청구),1998.12.22,진공 챔버의 내부 디스플레이 장치(INTERNAL DISPLAY DEVICE OF VACUUM CHAMBER),에스케이하이닉스 주식회사(경기도 이천시...),,,,,,,,,,,,,,,,,
거절결정(일반),1998.12.23,플라즈마 디스플레이 장치의 구동방법(METHOD FOR DRIVING A PLASMA DISPLAY DEVICE),에스케이하이닉스 주식회사(경기도 이천시...),,,,,,,,,,,,,,,,,
거절결정(일반),1998.12.23,플라즈마디스플레이장치의구동방법(METHOD FOR DRIVING A PLASMA DISPLAY DEVICE),에스케이하이닉스 주식회사(경기도 이천시...),,,,,,,,,,,,,,,,,
거절결정(일반),1998.12.23,수직배향모드 액정표시장치의 배향막 구조 및 그 형성방법(ALIGNMENT LAYER STRUCTURE OF VERTICAL ALIGNMENT MODE LIQUID CRYSTAL DISPLAY DEVICE AND METHOD FOR MANUFACTURING THE SAME),에스케이하이닉스 주식회사(경기도 이천시...),,,,,,,,,,,,,,,,,
거절결정(일반),1998.12.16,전계 방출 표시 소자의 제조방법(METHOD FOR MANUFACTURING ELECTRIC FIELD EMITTING DISPLAY DEVICE),에스케이하이닉스 주식회사(경기도 이천시...),,,,,,,,,,,,,,,,,
포기(등록결정전 포기서제출),1998.12.03,영상기기의 화면 사이즈 자동 조정 장치 및 그방법(APPARATUS FOR AUTOMATICALLY ADJUSTING SCREEN SIZE OF DISPLAY AND A METHOD THEREOF),에스케이하이닉스 주식회사(경기도 이천시...),,,,,,,,,,,,,,,,,
거절결정(일반),1998.10.29,유기 전계발광 표시소자(ORGANIC ELECTROLUMINISCENT DISPLAY DEVICE),에스케이하이닉스 주식회사(경기도 이천시...),,,,,,,,,,,,,,,,,
거절결정(일반),1998.10.28,플라즈마디스플레이패널의격벽형성방법(METHOD FOR MANUFACTURING BARRIER RIBS OF PLASMA DISPLAY PANEL),에스케이하이닉스 주식회사(경기도 이천시...),,,,,,,,,,,,,,,,,
거절결정(일반),1998.08.24,액정 표시 소자(LIQUID CRYSTAL DISPLAY DEVICE),에스케이하이닉스 주식회사(경기도 이천시...),,,,,,,,,,,,,,,,,
거절결정(일반),1998.08.24,액정표시장치및그제조방법(LIQUID CRYSTAL DISPLAY DEVICE AND FABRICATING METHOD OF THE SAME),에스케이하이닉스 주식회사(경기도 이천시...),,,,,,,,,,,,,,,,,
취하(심사미청구),1998.07.10,광도전 셀을 이용한 LCD 패널 자동 밝기 조절 장치 및 방법(AUTO BRIGHTNESS CONTROL DEVICE IN LIQUID CRYSTAL DISPLAY AND METHOD OF FABRICATING THEREOF.),에스케이하이닉스 주식회사(경기도 이천시...),,,,,,,,,,,,,,,,,
취하(심사미청구),1998.07.10,도로 결빙 상태 디스플레이 장치 및 방법(DEVICE FOR DISPLAYING FREEZING CONDITION OF ROAD AND METHOD THEREOF),에스케이하이닉스 주식회사(경기도 이천시...),,,,,,,,,,,,,,,,,
거절결정(일반),1998.06.30,플라즈마 디스플레이 패널의 격벽 형성방법(METHOD FORMING BARRIER RIB OF PLASMA DISPLAY PANEL),에스케이하이닉스 주식회사(경기도 이천시...),,,,,,,,,,,,,,,,,
거절결정(일반),1998.06.29,플라즈마디스플레이패널(PLASMA DISPLAY PANEL),에스케이하이닉스 주식회사(경기도 이천시...),,,,,,,,,,,,,,,,,
거절결정(일반),1998.06.30,플라즈마디스플레이패널의전면기판(FRONT SUBSTRATE OF PLASMA DISPLAY PANEL),에스케이하이닉스 주식회사(경기도 이천시...),,,,,,,,,,,,,,,,,
거절결정(일반),1998.06.26,박막트랜지스터액정표시소자(THIN-FILM LIQUID CRYSTAL DISPLAY DEVICE),에스케이하이닉스 주식회사(경기도 이천시...),,,,,,,,,,,,,,,,,
거절결정(일반),1998.06.30,플라즈마디스플레이패널의격벽형성방법(METHOD OF FORMING BARRIER RIB OF PLASMA DISPLAY PANEL),에스케이하이닉스 주식회사(경기도 이천시...),,,,,,,,,,,,,,,,,
거절결정(일반),1998.06.23,액정표시소자(LIQUID CRYSTAL DISPLAY ELEMENT),에스케이하이닉스 주식회사(경기도 이천시...),,,,,,,,,,,,,,,,,
거절결정(일반),1998.04.22,액정표시소자(LIQUID CRYSTAL DISPLAY ELEMENT CAPABLE OF REALIZING DOT INVERSION BY COLUMN INVERSION),에스케이하이닉스 주식회사(경기도 이천시...),,,,,,,,,,,,,,,,,
거절결정(일반),1998.02.26,동기신호 펄스폭 조절장치(APPARATUS FOR ADJUSTING PULSE WIDTH OF A SYNCHRONOUS SIGNAL WHICH PREVENTS MIS-OPERATION AND DISPLAYS HIGH DEFINITION PICTURE),에스케이하이닉스 주식회사(경기도 이천시...),,,,,,,,,,,,,,,,,
취하(심사미청구),1998.02.10,엔진상태 표시기를 가지는 시동장치(STARTING APPARATUS HAVING AN ENGINE CONDITION INDICATOR FOR DISPLAYING A CONDITION OF AN ENGINE BY A LIGHT EMITTING DIODE(LED) AND FOR SHOWING A REMAINING AMOUNT OF A BATTERY),에스케이하이닉스 주식회사(경기도 이천시...),,,,,,,,,,,,,,,,,
포기(등록결정전 포기서제출),1997.12.31,"티알에스 단말기의 한글 표시방법(KOREAN LANGUAGE INDICATING METHOD OF TRS(TRUNKED RADIO SYSTEM) TERMINAL, ESPECIALLY FOR KOREAN LANGUAGE INDICATING METHOD OF TRS(TRUNKED RADIO SYSTEM) TERMINAL CAPABLE OF DISPLAYING KOREAN LANGUAGE WHEN DISPLAYING MENU OR SENDING MESSAGE)",에스케이하이닉스 주식회사(경기도 이천시...),,,,,,,,,,,,,,,,,
포기(등록결정전 포기서제출),1997.12.30,"이동통신 단말기의 키 입력 순서 표시 장치 및 제어 방법(DEVICE FOR DISPLAYING SEQUENCE OF KEY INPUT OF MOBILE TELECOMMUNICATION TERMINAL AND METHOD THEREOF, ESPECIALLY FOR DEVICE FOR DISPLAYING A NEXT KEY TO BE INPUT TO A USER)",에스케이하이닉스 주식회사(경기도 이천시...),,,,,,,,,,,,,,,,,
취하(심사미청구),1997.12.27,"카 오디오를 이용한 경보 장치 및 방법(ALARMING DEVICE FOR USING A VEHICLE AUDIO ESPECIALLY FOR GENERATING ALARMING SOUND FROM A DISPLAY UNIT BY SENSING A REAR TRAVELING VEHICLE BY A SENSOR UNIT, AND A METHOD THEREOF)",에스케이하이닉스 주식회사(경기도 이천시...),,,,,,,,,,,,,,,,,
거절결정(일반),1997.12.24,플라즈마 디스플레이 패널(PLASMA DISPLAY PANEL HAVING A DIELECTRIC LAYER WHOSE CAPACITANCE IS REDUCED),에스케이하이닉스 주식회사(경기도 이천시...),,,,,,,,,,,,,,,,,
거절결정(일반),1997.12.24,플라즈마디스플레이패널의격벽형성방법(METHOD FOR FORMING A PARTITION WALL OF A PLASMA DISPLAY PANEL BY FILLING A PASTE AT A SPACE BETWEEN METALLIC PATTERNS),에스케이하이닉스 주식회사(경기도 이천시...),,,,,,,,,,,,,,,,,
취하(심사미청구),1997.12.27,"노래방 CD 재생시 배경화면 선택장치 및 그 제어방법(APPARATUS FOR SELECTING BACKGROUND IMAGE WHILE PLAYING A KARAOKE CD AND A METHOD FOR CONTROLLING THE SAME, ESPECIALLY FOR DISPLAYING ADULT BACKGROUND IMAGE ONLY BY ENTERING PASSWORD)",에스케이하이닉스 주식회사(경기도 이천시...),,,,,,,,,,,,,,,,,
취하(심사미청구),1997.12.27,"카 오디오를 이용한 자동차 배터리 전압 측정 장치 및 방법(DEVICE AND A METHOD FOR MEASURING VOLTAGE OF A BATTERY BY USING A CAR AUDIO SYSTEM, WITH ENABLING A MICROCOMPUTER OF THE CAR AUDIO TO CHECK BATTERY VOLTAGE AND DISPLAYING VOLTAGE SUPPLIED FROM THE BATTERY)",에스케이하이닉스 주식회사(경기도 이천시...),,,,,,,,,,,,,,,,,
거절결정(일반),1997.12.26,플라즈마디스플레이패널(PDP(PLASMA DISPLAY PANEL) AND DRIVING METHOD THEREOF FOR IMPROVING LUMINANCE BY INCREASING NUMBER OF LIGHTING OF DISPLAY CELLS),에스케이하이닉스 주식회사(경기도 이천시...),,,,,,,,,,,,,,,,,
거절결정(일반),1997.12.24,"플라즈마 디스플레이 패널의 제조장치 및 이를 이용한 플라즈마 디스플레이 패널의 제조 방법(APPARATUS FOR MANUFACTURING A PLASMA DISPLAY PANEL BY IN-LINING A PANEL MANUFACTURING PROCESS, AND A METHOD THEREOF)",에스케이하이닉스 주식회사(경기도 이천시...),,,,,,,,,,,,,,,,,
취하(심사미청구),1997.12.22,액정 표시 소자의 배선 테스트 방법(METHOD FOR TESTING THE WIRING OF AN LCD(LIQUID CRYSTAL DISPLAY) DEVICE FOR DETECTING THE DISCONNECTION OF WIRING AND THE DISCONNECTED POSITION OF WIRING BY USING A SEPARATE INSULATED BOARD WITH PREDETERMINED WIRING FOR A TEST),에스케이하이닉스 주식회사(경기도 이천시...),,,,,,,,,,,,,,,,,
거절결정(일반),1997.12.23,액정 표시 장치(IPS-VA MODE LIQUID CRYSTAL DISPLAY DEVICE DRIVEN AT LOW DRIVING VOLTAGE BY USING LIQUID CRYSTALS OF LOW MODULUS OF ELASTICITY),에스케이하이닉스 주식회사(경기도 이천시...),,,,,,,,,,,,,,,,,
포기(등록결정전 포기서제출),1997.12.19,"이동통신 시스템에서 역방향 링크 데이터 표시방법(METHOD FOR DISPLAYING REVERSE LINK DATA IN A MOBILE COMMUNICATION SYSTEM, ESPECIALLY FOR DISPLAYING A THREE DIMENSIONAL GRAPH OF THE REVERSE LINK DATA)",에스케이하이닉스 주식회사(경기도 이천시...),,,,,,,,,,,,,,,,,
취하(심사미청구),1997.12.15,디브이디 시스템의 고속 탐색시 화면 디스플레이장치(APPARATUS FOR DISPLAYING AN IMAGE IN A HIGH-SPEED SEARCHING OPERATION OF A DIGITAL VIDEO DISC(DVD) SYSTEM BY TRANSFERRING AN 'I' PICTURE TO A HOST FROM MPEG(MOVING PICTURE EXPERTS GROUP)-2 DATA IN FAST-FORWARD AND FAST-BACKWARD OPERATIONS),에스케이하이닉스 주식회사(경기도 이천시...),,,,,,,,,,,,,,,,,
취하(심사미청구),1997.12.15,"자동차 타이어 방향 인지 장치 및 그 제어 방법(APPARATUS FOR IDENTIFYING DIRECTIONS OF VEHICLE TIRES AND A METHOD FOR CONTROLLING THE SAME, ESPECIALLY BY DISPLAYING THE DIRECTION DATA OF THE TIRES THROUGH A DISPLAY PART)",에스케이하이닉스 주식회사(경기도 이천시...),,,,,,,,,,,,,,,,,
거절결정(일반),1997.12.11,다중 도메인을 갖는 액정 표시 소자(LIQUID CRYSTAL DISPLAY DEVICE HAVING MULTI-DOMAINS TO COMPENSATE VIEWING ANGLE),에스케이하이닉스 주식회사(경기도 이천시...),,,,,,,,,,,,,,,,,
취하(심사미청구),1997.12.15,"셋탑박스 수신감도 측정방법(METHOD FOR MEASURING SET TOP BOX RECEPTION SENSITIVITY, ESPECIALLY FOR DESIGNATING A RECEPTION DIRECTION AND DISPLAYING MAXIMUM DATA VALUE)",에스케이하이닉스 주식회사(경기도 이천시...),,,,,,,,,,,,,,,,,
거절결정(일반),1997.12.11,액정표시소자(LIQUID CRYSTAL DISPLAY DEVICE CAPABLE OF IMPROVING CHARACTERISTICS OF A VIEWING ANGLE BY USING A PIXEL ELECTRODE IN A SPIRAL SHAPE AND A COMMON ELECTRODE IN A SPIRAL SHAPE CORRESPONDING TO THE PIXEL ELECTRODE),에스케이하이닉스 주식회사(경기도 이천시...),,,,,,,,,,,,,,,,,
취하(심사미청구),1997.12.09,"침입경보 자동 추적방법 및 그 장치(INVASION ALARM AUTOMATIC TRACKING METHOD AND AN APPARATUS THEREOF, ESPECIALLY CAPABLE OF SHORTENING TIME REQUIRED FROM MOBILIZATION TO ARRIVAL BY GUIDING THE SHORTEST COURSE WHILE DISPLAYING THE SHORTEST COURSE ON THE NAVIGATION DIGITAL MAP OF A PATROL CAR IF AN INVASION ALARM IS OPERATED BY AN OUTSIDER)",에스케이하이닉스 주식회사(경기도 이천시...),,,,,,,,,,,,,,,,,
취하(심사미청구),1997.12.02,주/정차 안내 장치 및 방법(APPARATUS AND METHOD FOR GUIDING PARKING/STOPPING OF A VEHICLE FOR INFORMING A PERSON OF A VEHICLE STATE FROM A SOUND OUTPUT PART AND A DISPLAY PART WHEN THE PERSON TOUCHES THE VEHICLE),에스케이하이닉스 주식회사(경기도 이천시...),,,,,,,,,,,,,,,,,
취하(심사미청구),1997.12.04,"스탠드바이 전원 제어 장치 및 그 방법(APPARATUS FOR CONTROLLING STANDBY POWER AND METHOD USING THE SAME, ESPECIALLY FOR CONTROLLING FRONT STANDBY POWER IN A MAIN BOARD USING AN OUTPUT PORT OF A FLUORESCENT DISPLAY UNIT)",에스케이하이닉스 주식회사(경기도 이천시...),,,,,,,,,,,,,,,,,
취하(심사미청구),1997.12.02,"진동방지용칩이 내장된 비디오 CD 플레이어(VIDEO CD PLAYER HAVING A VIBRATION PREVENTION CHIP, FOR NORMALLY DISPLAYING A SCREEN OF A VIDEO CD IN A COLLISION BY CONNECTING A PREDETERMINED VIBRATION PREVENTION CHIP TO A D RAM)",에스케이하이닉스 주식회사(경기도 이천시...),,,,,,,,,,,,,,,,,
취하(심사미청구),1997.11.04,디스크 플레이어의 탐색 간격 표시 장치 및 그 제어 방법(APPARATUS FOR DISPLAYING A SEARCHING INTERVAL OF A DISK PLAYER AND A CONTROL METHOD THEREOF BY VISIBLY DISPLAYING THE SEARCHING INTERVAL),에스케이하이닉스 주식회사(경기도 이천시...),,,,,,,,,,,,,,,,,
취하(심사미청구),1997.11.04,컴팩트 디스크 플레이어의 시간 정보 표시방법(METHOD FOR DISPLAYING TIME INFORMATION OF A COMPACT DISK PLAYER BY USING A CLOCK IN A COP),에스케이하이닉스 주식회사(경기도 이천시...),,,,,,,,,,,,,,,,,
포기(등록결정전 포기서제출),1997.11.03,"이동통신 단말기의 무응답 제어방법(METHOD FOR CONTROLLING NON-RESPONSE IN A MOBILE COMMUNICATION TERMINAL, ESPECIALLY FOR RECEIVING RECOGNITION CHARACTERS WHEN A RECEIVING PARTY'S TERMINAL IS IN A NON-RESPONSE STATE, AND DISPLAYING THE RECOGNITION CHARACTERS ON THE RECEIVING PARTY'S TERMINAL)",에스케이하이닉스 주식회사(경기도 이천시...),,,,,,,,,,,,,,,,,
취하(심사미청구),1997.10.20,"배터리의 잔량 표시방법(METHOD FOR DISPLAYING BATTERY RESIDUE, ESPECIALLY FOR DETECTING BATTERY RESIDUE BY USING A CPU(CENTRAL PROCESSING UNIT) HAVING OPERATION MODES OF RUN, IDLE AND SLEEP)",에스케이하이닉스 주식회사(경기도 이천시...),,,,,,,,,,,,,,,,,
취하(심사미청구),1997.10.22,"리모트 콘트롤러 신호분석 표시방법(METHOD FOR DISPLAYING SIGNAL ANALYSIS OF A REMOTE-CONTROLLER, ESPECIALLY FOR ANALYZING A SIGNAL TRANSMITTED THROUGH AN INFRARED RAY FROM THE REMOTE CONTROLLER)",에스케이하이닉스 주식회사(경기도 이천시...),,,,,,,,,,,,,,,,,
취하(심사미청구),1997.10.04,"비디오 시디 플레이어의 화면 제어 장치 및 그 방법(APPARATUS FOR CONTROLLING A SCREEN OF A VIDEO CD(COMPACT DISC) PLAYER AND A METHOD THEREOF, PARTICULARLY BY DISPLAYING A STOP IMAGE PREVIOUSLY MEMORIZED AT A MEMORY WHEN SHOWING AN UNSOUND ELEMENT ON THE SCREEN)",에스케이하이닉스 주식회사(경기도 이천시...),,,,,,,,,,,,,,,,,
취하(심사미청구),1997.08.27,"예약 기능을 제공하는 장치 및 그 제어방법(APPARATUS FOR PROVIDING A RESERVATION FUNCTION AND A CONTROL METHOD THEREOF, ESPECIALLY FOR AUTOMATICALLY DISPLAYING A RESERVED PROGRAM AT A RESERVED TIME AND AUTOMATICALLY DELETING RESERVED CONTENTS WHEN THE RESERVED PROGRAM IS TERMINATED)",에스케이하이닉스 주식회사(경기도 이천시...),,,,,,,,,,,,,,,,,
등록결정(일반),1995.09.01,차량용디스플레이장치의자동밝기변환장치및방법(APPARATUS AND METHOD FOR AUTOMATICALLY ADJUSTING BRIGHTNESS OF DISPLAY DEVICE FOR VEHICLE),에스케이하이닉스 주식회사(경기도 이천시...),,,,,,,,,,,,,,,,,
등록결정(일반),1995.06.29,액티브매트릭스방식의액정표시장치및그의제조방법(LIQUID CRYSTAL DISPLAY DEVICE OF ACTIVE MATRIX METHOD AND MANUFACTURING METHOD THEREOF),에스케이하이닉스 주식회사(경기도 이천시...),,,,,,,,,,,,,,,,,
등록결정(일반),1995.06.02,박막트랜지스터-액정표시장치(THIN FILM TRANSISTOR LIQUID CRYSTAL DISPLAY DEVICE),에스케이하이닉스 주식회사(경기도 이천시...),,,,,,,,,,,,,,,,,
등록결정(일반),1995.05.04,형광표시관의명암조절장치(APPARATUS FOR CONTROLLING BRIGHTNESS AND DARKNESS OF FLUORESCENT DISPLAY TUBE),에스케이하이닉스 주식회사(경기도 이천시...),,,,,,,,,,,,,,,,,
등록결정(일반),1994.10.27,디스플레이데이타채널방식에서의교류차단형초절전회로(CIRCUIT FOR POWER-SAVING ON DISPLAY DATA CHANNEL SYSTEM),에스케이하이닉스 주식회사(경기도 이천시...),,,,,,,,,,,,,,,,,
등록결정(일반),1994.08.19,디스플레이장치의초절전회로(POWER SAVING CIRCUIT FOR DISPLAY UNIT),에스케이하이닉스 주식회사(경기도 이천시...),,,,,,,,,,,,,,,,,
등록결정(일반),1994.06.30,자동차종합정보표시장치및그방법(METHOD AND APPARATUS FOR DISPLAYING CAR INFORMATION),에스케이하이닉스 주식회사(경기도 이천시...),,,,,,,,,,,,,,,,,
등록결정(일반),1993.12.24,후면배경관찰이가능한차량용헤드-업디스플레이장치(HEAD-UP DISPLAY APPARATUS FOR CAR CAPABLE OF REAR VIEW),에스케이하이닉스 주식회사(경기도 이천시...),,,,,,,,,,,,,,,,,
등록결정(일반),1993.11.16,화상출력장치의화상제어회로및그제어방법(THE CIRCUIT AND THE METHOD FOR CONTROLLING DISPLAYING UNIT),에스케이하이닉스 주식회사(경기도 이천시...),,,,,,,,,,,,,,,,,
등록결정(일반),1993.10.08,차량자동항법장치의최단거리표시방법(METHOD FOR DISPLAYING THE SHORTEST DISTANCE IN NAVIGATION APPARATUS),에스케이하이닉스 주식회사(경기도 이천시...),,,,,,,,,,,,,,,,,
등록결정(일반),1993.09.28,위성방송수신화면의온스크린디스플레이상에서의전자계산기및전자수첩기능수행시스템및그방법(ELECTRONIC COMPUTER AND ELECTRONIC POCKETBOOK FUNCTION EXECUTING SYSTEM IN AN ON SCREEN DISPLAY OF A SATELLITE BROADCASTING RECEIVING SCREEN AND A METHOD THEREOF),에스케이하이닉스 주식회사(경기도 이천시...),,,,,,,,,,,,,,,,,
등록결정(일반),1993.08.20,차량용 내비게이션 표시화면 디스플레이 방법(METHOD FOR DISPLAYING THE SCREEN OF A CAR NEVIGATION SYSTEM),에스케이하이닉스 주식회사(경기도 이천시...),,,,,,,,,,,,,,,,,
등록결정(일반),1993.06.30,하드웨어커서의디스플레이제어회로(DISPLAY CONTROL CIRCUIT FOR HARDWARE CURSOR),에스케이하이닉스 주식회사(경기도 이천시...),,,,,,,,,,,,,,,,,
등록결정(일반),1992.12.31,고화질텔레비전의움직임보상과디스플레이를위한메모리어드레스와디스플레이의콘트롤장치(ADDRESS MULTIPLEXING APPARATUS AND I/O CONTROLLER FOR HDTV MOTION COMPENSATION AND DISPLAY),에스케이하이닉스 주식회사(경기도 이천시...),,,,,,,,,,,,,,,,,
등록결정(일반),1992.12.31,고선명텔레비젼의디스플레이어드레스제네레이터및콘트롤러회로(DISPLAY ADRESS GENERATOR AND CONTROL CIRCUIT OF HDTV),에스케이하이닉스 주식회사(경기도 이천시...),,,,,,,,,,,,,,,,,
등록결정(일반),1992.12.29,"화면데이타콘트롤시좌표(X,Y)의자동증가콘트롤로직회로(AUTOMATIC INCREASING CONTROL LOGIC CIRCUIT FOR DISPLAY DATA)",에스케이하이닉스 주식회사(경기도 이천시...),,,,,,,,,,,,,,,,,
등록결정(일반),1992.11.03,박막트랜지스터액정표시소자(THIN FILM TRANSISTOR LIQUID CRYSTAL DISPLAY DEVICE),에스케이하이닉스 주식회사(경기도 이천시...),,,,,,,,,,,,,,,,,
등록결정(일반),1992.07.15,전자복사기의감광드럼감광능력/상태표시방법및그장치(METHOD AND APPARATUS FOR DISPLAYING AN ELECTROPHOTO-SENSITIVE DRUM CONDITION),에스케이하이닉스 주식회사(경기도 이천시...),,,,,,,,,,,,,,,,,
등록결정(일반),1992.03.18,조작판넬의메시지표시제어방법(CONTROLLING METHOD FOR MESSAGE DISPLAY IN OPERATING PANEL),에스케이하이닉스 주식회사(경기도 이천시...),,,,,,,,,,,,,,,,,
등록결정(일반),1991.08.16,휴대용전화기및자동차전화기의시간표시장치및방법(TIME DISPLAY APPARATUS AND METHOD OF CAR-PHONE AND HANDY-PHONE),에스케이하이닉스 주식회사(경기도 이천시...),,,,,,,,,,,,,,,,,
등록결정(일반),1991.07.03,포토및식각바이어스측정표시장치(PHOTO AND ETCH BIAS MEASUREMENT DISPLAY APPARATUS),에스케이하이닉스 주식회사(경기도 이천시...),,,,,,,,,,,,,,,,,
등록결정(일반),1991.03.11,폰트ROM을이용한문자표시장치및방법(WORD DISPLAY DEVICE UTILIZING FONT ROM AND THE METHOD),에스케이하이닉스 주식회사(경기도 이천시...),,,,,,,,,,,,,,,,,
등록결정(일반),1990.11.30,데이타수신및에러표시회로(DATA RECEIVER AND ERROR DISPLAYING CIRCUIT),에스케이하이닉스 주식회사(경기도 이천시...),,,,,,,,,,,,,,,,,
등록결정(일반),1990.11.30,전화기의송신불능상태표시방법(TELEPHONE DATA DISPLAY METHOD),에스케이하이닉스 주식회사(경기도 이천시...),,,,,,,,,,,,,,,,,
등록결정(일반),1990.09.17,휴대용전화기의7-세그먼트의도트를이용한전계강도표시방법(ELECTROMAGNETIC DEGREE DISPLAY METHOD USING 7-SEGMENT DOT OF HANDY-PHONE),에스케이하이닉스 주식회사(경기도 이천시...),,,,,,,,,,,,,,,,,
등록결정(일반),1990.09.14,"자동차전화기의서비스내,외지역구분표시회로(SEVICE AREA DISPLAY CIRCUIT OF CAR-PHONE)",에스케이하이닉스 주식회사(경기도 이천시...),,,,,,,,,,,,,,,,,
등록결정(일반),1990.08.17,자동차전화의지역표시방법(AREA DISPLAY METHOD OF CAR-PHONE),에스케이하이닉스 주식회사(경기도 이천시...),,,,,,,,,,,,,,,,,
등록결정(일반),1990.06.27,자동차전화기및휴대용전화기의통화시간표시방법(METHOD FOR DISPLAYING COMMUNICATION TIME),에스케이하이닉스 주식회사(경기도 이천시...),,,,,,,,,,,,,,,,,
등록결정(일반),1990.06.27,자동차전화기의전화번호표시부를이용한수신전계강도표시방법(METHOD FOR DISPLAYING RSSI BY USING TELEPHONE NEMBER DISPLAY),에스케이하이닉스 주식회사(경기도 이천시...),,,,,,,,,,,,,,,,,
등록결정(일반),1989.11.25,무선호출수신기의시간표시방법(METHOD FOR DISPLAYING TIME IN A RADIO PAGER),에스케이하이닉스 주식회사(경기도 이천시...),,,,,,,,,,,,,,,,,
등록결정(일반),1989.11.30,키폰시스템에서의메세지전송표시방법(MESSAGE DISPLAYING METHOD IN KEYPHONE SYSTEM),에스케이하이닉스 주식회사(경기도 이천시...),,,,,,,,,,,,,,,,,
등록결정(일반),1989.11.30,키폰시스템에서의전화요금표시방법(TELEPHONE BILL DISPLAY METHOD),에스케이하이닉스 주식회사(경기도 이천시...),,,,,,,,,,,,,,,,,
등록결정(일반),1989.06.07,자동차앞바퀴의위치각도표시장치(CIRCUIT FOR DISPLAYING POSITION ANGLE OF FRONT TYRE OF VEHICLE),에스케이하이닉스 주식회사(경기도 이천시...),,,,,,,,,,,,,,,,,
등록결정(일반),1989.03.20,전화기통화중표시기(BUSY LINE DISPLAYING APPARATUS FOR TELEPHONE SET),에스케이하이닉스 주식회사(경기도 이천시...),,,,,,,,,,,,,,,,,
등록결정(일반),1988.08.12,차량용제동표시장치및그제어방법(BRAKING DISPLAY SYSTEM AND ITS CONTROLLING METHOD FOR VEHICLE),에스케이하이닉스 주식회사(경기도 이천시...),,,,,,,,,,,,,,,,,
